<?xml version="1.0" encoding="UTF-8"?>
<!DOCTYPE platform PUBLIC "-//NetBeans//DTD Java PlatformDefinition 1.0//EN" "http://www.netbeans.org/dtds/java-platformdefinition-1_0.dtd">
<platform default="no" name="Zulu 21.0.2+13">
    <jdkhome>
        <resource>file:/C:/Users/LENOVO/Documents/NetBeansJDKs/zulu21.32.17-ca-jdk21.0.2-win_x64/zulu21.32.17-ca-jdk21.0.2-win_x64/</resource>
    </jdkhome>
    <properties>
        <property name="platform.ant.name" value="Zulu_21.0.2_13"/>
    </properties>
    <sysproperties>
        <property name="file.encoding" value="UTF-8"/>
        <property name="file.separator" value="\"/>
        <property name="java.class.path" value=""/>
        <property name="java.class.version" value="65.0"/>
        <property name="java.home" value="C:\Users\LENOVO\Documents\NetBeansJDKs\zulu21.32.17-ca-jdk21.0.2-win_x64\zulu21.32.17-ca-jdk21.0.2-win_x64"/>
        <property name="java.io.tmpdir" value="C:\Users\LENOVO\AppData\Local\Temp\"/>
        <property name="java.library.path" value="C:\Users\LENOVO\Documents\NetBeansJDKs\zulu21.32.17-ca-jdk21.0.2-win_x64\zulu21.32.17-ca-jdk21.0.2-win_x64\bin;C:\WINDOWS\Sun\Java\bin;C:\WINDOWS\system32;C:\WINDOWS;C:\Program Files\Common Files\Oracle\Java\javapath;C:\Program Files (x86)\Common Files\Intel\Shared Libraries\redist\intel64\compiler;C:\WINDOWS\system32;C:\WINDOWS;C:\WINDOWS\System32\Wbem;C:\WINDOWS\System32\WindowsPowerShell\v1.0\;C:\WINDOWS\System32\OpenSSH\;C:\Users\LENOVO\AppData\Local\Microsoft\WindowsApps;C:\Users\LENOVO\AppData\Local\Programs\Microsoft VS Code\bin;."/>
        <property name="java.runtime.name" value="OpenJDK Runtime Environment"/>
        <property name="java.runtime.version" value="21.0.2+13-LTS"/>
        <property name="java.specification.name" value="Java Platform API Specification"/>
        <property name="java.specification.vendor" value="Oracle Corporation"/>
        <property name="java.specification.version" value="21"/>
        <property name="java.vendor" value="Azul Systems, Inc."/>
        <property name="java.vendor.url" value="http://www.azul.com/"/>
        <property name="java.vendor.url.bug" value="http://www.azul.com/support/"/>
        <property name="java.vendor.version" value="Zulu21.32+17-CA"/>
        <property name="java.version" value="21.0.2"/>
        <property name="java.version.date" value="2024-01-16"/>
        <property name="java.vm.compressedOopsMode" value="32-bit"/>
        <property name="java.vm.info" value="mixed mode, sharing"/>
        <property name="java.vm.name" value="OpenJDK 64-Bit Server VM"/>
        <property name="java.vm.specification.name" value="Java Virtual Machine Specification"/>
        <property name="java.vm.specification.vendor" value="Oracle Corporation"/>
        <property name="java.vm.specification.version" value="21"/>
        <property name="java.vm.vendor" value="Azul Systems, Inc."/>
        <property name="java.vm.version" value="21.0.2+13-LTS"/>
        <property name="jdk.debug" value="release"/>
        <property name="line.separator" value="&#13;&#10;"/>
        <property name="native.encoding" value="Cp1252"/>
        <property name="os.arch" value="amd64"/>
        <property name="os.name" value="Windows 11"/>
        <property name="os.version" value="10.0"/>
        <property name="path.separator" value=";"/>
        <property name="stderr.encoding" value="cp850"/>
        <property name="stdout.encoding" value="cp850"/>
        <property name="sun.arch.data.model" value="64"/>
        <property name="sun.boot.library.path" value="C:\Users\LENOVO\Documents\NetBeansJDKs\zulu21.32.17-ca-jdk21.0.2-win_x64\zulu21.32.17-ca-jdk21.0.2-win_x64\bin"/>
        <property name="sun.cpu.endian" value="little"/>
        <property name="sun.cpu.isalist" value="amd64"/>
        <property name="sun.io.unicode.encoding" value="UnicodeLittle"/>
        <property name="sun.java.command" value="J2SEPlatformProbe C:\Users\LENOVO\AppData\Local\Temp\nb-platformdetect159274035195619653properties"/>
        <property name="sun.java.launcher" value="SUN_STANDARD"/>
        <property name="sun.jnu.encoding" value="Cp1252"/>
        <property name="sun.management.compiler" value="HotSpot 64-Bit Tiered Compilers"/>
        <property name="sun.os.patch.level" value=""/>
        <property name="user.country" value="PE"/>
        <property name="user.dir" value=""/>
        <property name="user.home" value="C:\Users\LENOVO"/>
        <property name="user.language" value="es"/>
        <property name="user.name" value="Gustavo"/>
        <property name="user.script" value=""/>
        <property name="user.timezone" value="America/Lima"/>
        <property name="user.variant" value=""/>
    </sysproperties>
</platform>
